{
  "active_strategy": "strategy_b",
  "strategies": {
    "strategy_a": {
      "enabled": false,
      "filter_confluence": true,
      "use_limit_entries": true,
      "entry_settings": {
        "max_long_trades": 1,
        "max_short_trades": 1,
        "order_timeout_seconds": 30
      },
      "risk_settings": {
        "stop_loss_multiplier": 0.2,
        "take_profit_multiplier": 0.40,
        "trailing_stop": {
          "enabled": false,
          "activation_threshold": 0.5,
          "atr_multiplier": 2.0
        }
      }
    },
    "strategy_b": {
      "enabled": true,
      "force_alternating": true,
      "atr_length": 14,
      "tp_atr_mult": 4.0,
      "trail_atr_mult": 2.0,
      "trail_activation_pct": 0.5,
      "sma_timeframe": "1m",
      "atr_timeframe": "1m"
    }
  }
}